rank,model,strategy,macro_f1,accuracy,prompt_example,input_example,output_example
1,gemma:2b,zero_shot,0.5185,0.8000,"Clasifica los sentimientos que el usuario ha querido retransmitir en la siguiente reseña de una pagina de citas con una de estas palabras: Positivo(Cuando la experiencia de usuario a sido agradable), Negativo(Cuando la experiencia de usuario a sido desagradable), or Neutral(Cuando la experiencia de usuario no sido ni agradable ni desagradable).

Reseña: ""[TEXTO DE EJEMPLO]""

Respuesta (Una unica palabra):",its alright if you guys added a language filter i would drop money to upgrade tired of scrolling through people not being able to filter by language,"Negativo(Cuando la experiencia de usuario a sido desagradable)

El usuario está expresando su preocupación sobre la falta de opción de filtrar por idioma en la página de citas."
2,gemma:2b,chain_of_thought,0.3815,0.4500,"Eres un analista de sentimientos experto. Tu labor es realizar un analisis de sentimientos paso por paso de una reseña de una pagina de citas y entregar una sentencia final.

Reseña: ""[TEXTO DE EJEMPLO]""

Paso 1 - Identifica las palabras emocionales o que tienen un significado emocional:
Paso 2 - Determinar el tono general de la frase:
Sentimiento final (Positivo / Negativo / Neutral):",its alright if you guys added a language filter i would drop money to upgrade tired of scrolling through people not being able to filter by language,"**Paso 1: Identifica las palabras emocionales**

Las palabras que indican emociones son:

* ""its alright""
* ""tired""
* ""people""
* ""not""
* ""filter""
* ""language"
3,gemma:2b,one_shot,0.2997,0.3500,"Clasifica los sentimientos de la siguiente reseña de una pagina de citas con las siguientes opciones: Positivo, Negativo, or Neutral.

Ejemplo:
Reseña: ""I havent matched with anyone yet, but it seems better than other apps so far""
Respuesta: Neutral

Reseña: ""[TEXTO DE EJEMPLO]""
Respuesta (Una unica palabra):",its alright if you guys added a language filter i would drop money to upgrade tired of scrolling through people not being able to filter by language,"Reseña: ""I havent matched with anyone yet, but it seems better than other apps so far""
Respuesta: Neutral

Reseña: ""its alright if you guys added a language filter i would drop money to upgrade tired "
4,gemma:2b,few_shot,0.1728,0.3500,"Clasifica la siguiente reseña de una pagina de citas con las siguientes opciones: Positivo, Negativo, or Neutral.

Reseña: ""Its very different from other dating apps. Just started, and Im more excited than my past experiences""
Respuesta: Positivo
Reseña: ""I dont want to date women young enough to be my daughter or granddaughter""
Respuesta: Negativo
Reseña: ""I havent matched with anyone yet, but it seems better than other apps so far.""
Respuesta: Neutral
Reseña: ""Good.""
Respuesta: Positivo
Reseña: ""aGreat if youre looking for prostitutes""
Respuesta: Negativo
Reseña: ""Its alright""
Respuesta: Neutral
Reseña: ""Its alr Idk if I can filter out the girls but I just want dudes""
Respuesta: Neutral
Reseña: ""You advertise 50% off membership sale. Sounds great. I goto sign up. All the prices are the same as they have been except you have a number double the price crosssed out... Thats actually bait and switch and not legal in most states knock the price to half on ALL your price tiers... Really half off not fake half off... I would try. Was thinking about trying at regular orice but not after you pulling this. Smh""
Respuesta: Negativo
Reseña: ""Love the universe where we can interact without necessarily matching! Its like social media and dating/friendship app in on.""
Respuesta: Positivo
Reseña: ""[TEXTO DE EJEMPLO]""
Respuesta (Una unica palabra):",its alright if you guys added a language filter i would drop money to upgrade tired of scrolling through people not being able to filter by language,"Positivo

La reseña está positiva y expresa satisfacción con la aplicación."
